"family","genus","species","name","n","totalfish"
"Aplodactylidae","Aplodactylus","westralis","Aplodactylus westralis",4,4
"Aracanidae","Anoplocapros","amygdaloides","Anoplocapros amygdaloides",4,4
"Aracanidae","Anoplocapros","lenticularis","Anoplocapros lenticularis",5,5
"Aracanidae","Caprichthys","gymnura","Caprichthys gymnura",4,4
"Aulopidae","Latropiscis","purpurissatus","Latropiscis purpurissatus",8,9
"Batrachoididae","Batrachomoeus","rubricephalus","Batrachomoeus rubricephalus",1,1
"Berycidae","Centroberyx","gerrardi","Centroberyx gerrardi",5,5
"Berycidae","Centroberyx","sp1","Centroberyx sp1",1,55
"Callanthiidae","Callanthias","allporti","Callanthias allporti",1,3
"Callanthiidae","Callanthias","australis","Callanthias australis",1,1
"Carangidae","Pseudocaranx","spp","Pseudocaranx spp",40,127
"Carangidae","Seriola","hippos","Seriola hippos",7,8
"Carangidae","Seriola","lalandi","Seriola lalandi",1,1
"Carangidae","Unknown","sp10","Unknown sp10",1,2
"Carcharhinidae","Carcharhinus","brevipinna","Carcharhinus brevipinna",4,4
"Carcharhinidae","Carcharhinus","limbatus","Carcharhinus limbatus",4,5
"Carcharhinidae","Carcharhinus","plumbeus","Carcharhinus plumbeus",2,2
"Carcharhinidae","Carcharhinus","spp","Carcharhinus spp",1,1
"Carcharhinidae","Unknown","spp","Unknown spp",1,1
"Chaetodontidae","Chelmonops","curiosus","Chelmonops curiosus",5,6
"Cheilodactylidae","Dactylophora","nigricans","Dactylophora nigricans",1,1
"Cheilodactylidae","Nemadactylus","valenciennesi","Nemadactylus valenciennesi",34,46
"Dasyatidae","Bathytoshia","brevicaudata","Bathytoshia brevicaudata",17,17
"Diodontidae","Diodon","nicthemerus","Diodon nicthemerus",1,1
"Enoplosidae","Enoplosus","armatus","Enoplosus armatus",2,4
"Gerraidae","Parequula","elongata","Parequula elongata",4,28
"Gerreidae","Parequula","melbournensis","Parequula melbournensis",12,30
"Glaucosomatidae","Glaucosoma","hebraicum","Glaucosoma hebraicum",12,18
"Gobiesocidae","Unknown","spp","Unknown spp",1,1
"Haemulidae","Plectorhinchus","flavomaculatus","Plectorhinchus flavomaculatus",1,1
"Heterodontidae","Heterodontus","portusjacksoni","Heterodontus portusjacksoni",39,70
"Kyphosidae","Kyphosus","sydneyanus","Kyphosus sydneyanus",1,1
"Labridae","Achoerodus","gouldii","Achoerodus gouldii",5,5
"Labridae","Austrolabrus","maculatus","Austrolabrus maculatus",53,90
"Labridae","Bodianus","frenchii","Bodianus frenchii",10,12
"Labridae","Bodianus","vulpinus","Bodianus vulpinus",2,2
"Labridae","Choerodon","rubescens","Choerodon rubescens",13,14
"Labridae","Coris","auricularis","Coris auricularis",90,1118
"Labridae","Eupetrichthys","angustipes","Eupetrichthys angustipes",33,40
"Labridae","Notolabrus","parilus","Notolabrus parilus",8,8
"Labridae","Ophthalmolepis","lineolatus","Ophthalmolepis lineolatus",69,326
"Labridae","Pictilabrus","laticlavius","Pictilabrus laticlavius",1,1
"Labridae","Pseudolabrus","biserialis","Pseudolabrus biserialis",68,426
"Labridae","Suezichthys","bifurcatus","Suezichthys bifurcatus",15,40
"Labridae","Suezichthys","cyanolaemus","Suezichthys cyanolaemus",1,1
"Monacanthidae","Acanthaluteres","brownii","Acanthaluteres brownii",2,2
"Monacanthidae","Acanthaluteres","vittiger","Acanthaluteres vittiger",8,38
"Monacanthidae","Brachaluteres","jacksonianus","Brachaluteres jacksonianus",2,2
"Monacanthidae","Eubalichthys","bucephalus","Eubalichthys bucephalus",1,1
"Monacanthidae","Meuschenia","flavolineata","Meuschenia flavolineata",10,17
"Monacanthidae","Meuschenia","freycineti","Meuschenia freycineti",10,10
"Monacanthidae","Meuschenia","galii","Meuschenia galii",28,31
"Monacanthidae","Meuschenia","scaber","Meuschenia scaber",11,16
"Monacanthidae","Meuschenia","venusta","Meuschenia venusta",2,2
"Monacanthidae","Nelusetta","ayraud","Nelusetta ayraud",42,290
"Monacanthidae","Scobinichthys","granulatus","Scobinichthys granulatus",13,13
"Monocentridae","Cleidopus","gloriamaris","Cleidopus gloriamaris",1,2
"Mullidae","Parupeneus","chrysopleuron","Parupeneus chrysopleuron",11,15
"Mullidae","Upeneichthys","vlamingii","Upeneichthys vlamingii",39,44
"Muraenidae","Gymnothorax","prasinus","Gymnothorax prasinus",1,1
"Muraenidae","Gymnothorax","woodwardi","Gymnothorax woodwardi",2,2
"Myliobatidae","Myliobatis","tenuicaudatus","Myliobatis tenuicaudatus",24,24
"Neosebastidae","Neosebastes","bougainvillii","Neosebastes bougainvillii",4,4
"Neosebastidae","Neosebastes","nigropunctatus","Neosebastes nigropunctatus",5,7
"Neosebastidae","Neosebastes","pandus","Neosebastes pandus",8,8
"Odacidae","Olisthops","cyanomelas","Olisthops cyanomelas",2,2
"Odacidae","Siphonognathus","caninis","Siphonognathus caninis",11,11
"Odacidae","Siphonognathus","sp1","Siphonognathus sp1",3,4
"Odacidae","Siphonognathus","spp","Siphonognathus spp",2,3
"Oplegnathidae","Oplegnathus","woodwardi","Oplegnathus woodwardi",40,75
"Orectolobidae","Orectolobus","spp","Orectolobus spp",6,6
"Ostraciidae","Aracana","aurita","Aracana aurita",2,2
"Parascylliidae","Parascyllium","variolatum","Parascyllium variolatum",2,2
"Pempheridae","Parapriacanthus","elongatus","Parapriacanthus elongatus",2,748
"Pempherididae","Pempheris","klunzingeri","Pempheris klunzingeri",5,68
"Pentacerotidae","Parazanclistius","hutchinsi","Parazanclistius hutchinsi",1,1
"Pinguipedidae","Parapercis","haackei","Parapercis haackei",3,3
"Pinguipedidae","Parapercis","ramsayi","Parapercis ramsayi",11,15
"Platycephalidae","Platycephalus","spp","Platycephalus spp",8,27
"Plesiopidae","Paraplesiops","meleagris","Paraplesiops meleagris",1,1
"Plesiopidae","Trachinops","noarlungae","Trachinops noarlungae",4,29
"Pomacentridae","Chromis","klunzingeri","Chromis klunzingeri",44,685
"Pomacentridae","Chromis","westaustralis","Chromis westaustralis",7,11
"Pomacentridae","Parma","bicolor","Parma bicolor",7,7
"Pristiophoridae","Pristiophorus","cirratus","Pristiophorus cirratus",1,1
"Rhinobatidae","Aptychotrema","vincentiana","Aptychotrema vincentiana",1,1
"Rhinobatidae","Trygonorrhina","dumerilii","Trygonorrhina dumerilii",38,45
"Scombridae","Unknown","spp","Unknown spp",4,8
"Scorpaenidae","Scorpaena","sumptuosa","Scorpaena sumptuosa",4,5
"Scorpididae","Neatypus","obliquus","Neatypus obliquus",51,684
"Scorpididae","Scorpis","aequipinnis","Scorpis aequipinnis",7,11
"Scorpididae","Scorpis","georgiana","Scorpis georgiana",6,7
"Scorpididae","Tilodon","sexfasciatus","Tilodon sexfasciatus",21,23
"Scyliorhinidae","Asymbolus","occiduus","Asymbolus occiduus",3,5
"Scyliorhinidae","Aulohalaelurus","labiosus","Aulohalaelurus labiosus",2,2
"Serranidae","Caesioperca","spp","Caesioperca spp",42,408
"Serranidae","Epinephelides","armatus","Epinephelides armatus",20,28
"Serranidae","Hypoplectrodes","nigroruber","Hypoplectrodes nigroruber",6,6
"Serranidae","Othos","dentex","Othos dentex",1,1
"Sillaginidae","Sillaginodes","punctatus","Sillaginodes punctatus",1,1
"Sparidae","Chrysophrys","auratus","Chrysophrys auratus",39,110
"Sphyraenidae","Sphyraena","novaehollandiae","Sphyraena novaehollandiae",1,1
"Sphyrnidae","Sphyrna","zygaena","Sphyrna zygaena",1,1
"Squalidae","Squalus","spp","Squalus spp",11,18
"Tetraodontidae","Omegophora","armilla","Omegophora armilla",5,5
"Triakidae","Furgaleus","macki","Furgaleus macki",21,25
"Triakidae","Galeorhinus","galeus","Galeorhinus galeus",1,1
"Triakidae","Mustelus","antarcticus","Mustelus antarcticus",6,6
"Triglidae","Chelidonichthys","kumu","Chelidonichthys kumu",1,1
"Triglidae","Pterygotrigla","polyommata","Pterygotrigla polyommata",3,5
"Urolophidae","Trygonoptera","mucosa","Trygonoptera mucosa",1,1
"Urolophidae","Trygonoptera","ovalis","Trygonoptera ovalis",34,35
"Urolophidae","Urolophus","circularis","Urolophus circularis",2,2
